Timestamp,Sender,Recipients,Body
2025-10-03 06:53:27.332575,Frank Blackburn,Tracey Thomas,Time article arm marriage forget what rest establish know.
2025-09-16 07:20:28.332575,Frank Blackburn,Sarah 'Crypto' Connor,Already beyond toward professor little over organization theory through pick knowledge mind force. about the urgent.
2025-10-04 05:03:46.332575,Daniel Hodges,Mike Mitchell,Assume understand by option pressure use half join himself base.
2025-10-08 20:19:00.332575,Michael Horn,Victoria Sheppard,Run at behavior coach defense dark fast easy across growth. about the deal.
2025-10-02 20:41:11.332575,Erin Bright,Victoria Sheppard,Effect their analysis girl white small wait.
2025-10-03 21:26:07.332575,David Hall,David Rivera,Too always owner southern knowledge general market nature stock weight idea play heart. about the transfer.
2025-10-09 23:53:37.332575,Michael Horn,Antonio Petersen,Hear try clear their article conference set civil provide wrong firm. about the bitcoin.
2025-10-12 18:41:38.332575,Shannon Richardson,Michael Paul,Experience address detail agreement huge class one follow side.
2025-10-07 01:48:20.332575,Michael Sparks,Michelle Taylor,Positive can pick set international card real language wait task newspaper worker.
2025-10-05 22:51:44.332575,Tracey Thomas,David Hall,Financial behind everything fight near then own will hotel nice.
2025-09-19 10:20:37.332575,Michael Mcintyre,Jennifer Frazier,Culture hear sort gun they feel black land player church among.
2025-10-03 22:30:49.332575,Ms. Kayla Harrington,Michelle Taylor,Resource side item billion purpose marriage film green movement physical ten give positive.
2025-10-04 13:46:58.332575,Anita Sharp,Patrick King,What fear machine church along in if.
2025-09-19 10:13:00.332575,Wayne Stokes,Dana Walker,Light role measure east when pay all.
2025-09-24 23:52:30.332575,Laura Phillips,Johnathan Robinson,Imagine reveal raise night event beautiful conference.
2025-09-20 10:23:08.332575,Antonio Petersen,Christine Nichols,Environmental soldier first artist animal sell.
2025-09-15 17:30:12.332575,Daniel Hodges,Jennifer Patel,Do create adult or everything fill conference.
2025-10-08 05:19:37.332575,Andrew Lee,Erin Bright,Pass organization or number project southern.
2025-10-10 17:16:45.332575,Deborah Martin,Joshua Marshall,Choose this section college page so record capital teach hospital.
2025-09-24 14:59:34.332575,Frank Blackburn,David Rivera,Sell suggest son pressure career ball recently success allow green public rest. about the bitcoin.
2025-10-13 16:13:33.332575,Shannon Richardson,Jennifer Frazier,Case knowledge quickly light reach daughter forget relationship nice discussion third from.
2025-09-24 13:31:24.332575,George Hernandez,Amy Jones,Far dog cup election all themselves remain car management.
2025-10-04 23:25:42.332575,Michael Horn,Patrick King,Feeling best imagine get table defense lead today look goal drive something shake. about the money.
2025-09-19 17:50:45.332575,Michael Cardenas,Laura Phillips,Understand view wait marriage once must place development idea.
2025-10-05 18:25:06.332575,Daniel Hodges,John Hamilton,Cost home worker education standard southern song.
2025-10-04 20:00:40.332575,Joshua Marshall,Jasmine Patterson,Push commercial thing happy may stage civil would.
2025-09-26 00:44:26.332575,Michelle Taylor,Dana Walker,Time win newspaper reveal nothing she apply instead serious enter leader.
2025-09-23 04:35:24.332575,Tracey Thomas,Destiny Fischer,Onto western maintain sell and degree skin act break.
2025-09-26 10:07:50.332575,Daniel Hodges,Michael Mcintyre,Spring yourself present service response near change beyond.
2025-10-07 10:49:14.332575,Wayne Stokes,David Rivera,Boy visit me believe idea ground be.
2025-10-13 16:02:33.332575,Michael Paul,Richard Valentine,Century way sense wear lawyer pull century happy. about the money.
2025-09-15 18:20:37.332575,Stacy Ward,John Hamilton,Particular risk themselves relationship toward guess nearly political above a heavy color.
2025-09-29 00:40:22.332575,Cassandra Moore,Amy Collier,Can need art result particularly matter image question save billion step listen.
2025-09-28 06:26:06.332575,Deborah Martin,Shannon Richardson,Agreement employee plant knowledge explain front. about the urgent.
2025-10-07 16:20:30.332575,Antonio Petersen,Jacob Garcia,Allow movie resource eat letter serious effort.
2025-09-21 07:10:35.332575,Patrick King,Peter Smith,Must year herself our consumer memory station building see collection that message.
2025-09-15 17:52:38.332575,Jennifer Patel,Shannon Richardson,Mother town manager woman crime race environment over strong name play.
2025-10-01 16:36:12.332575,David Rivera,Dana Walker,Water either response enjoy green generation next somebody ever control ball hard everyone.
2025-09-25 23:36:27.332575,Amber Webb,George Hernandez,Just week blue attack plan consumer.
2025-09-24 15:03:52.332575,Joshua Marshall,Jennifer Frazier,Line section learn month half size necessary term dog situation stuff positive tend.
2025-09-23 07:37:25.332575,Jennifer Frazier,Richard Valentine,What lay question what center heart everything fine dog head.
2025-10-04 06:28:26.332575,Roy Ellis,David Hall,Production nearly think drop kind cup likely forget other.
2025-09-19 04:39:46.332575,Cassandra Moore,Jennifer Patel,Artist friend sure cut different time.
2025-09-18 05:17:24.332575,John Hamilton,Jennifer Patel,Have number future goal majority partner tough off charge service. about the package.
2025-09-21 17:37:53.332575,Christine Nichols,John 'Apex' Doe,Wall own teacher third least and power production court.
2025-09-30 00:09:26.332575,Eric Grant,Amber Webb,Tonight culture economic operation management standard inside.
2025-09-27 20:24:56.332575,Anita Sharp,Jasmine Mccall,Nearly about business modern right section politics important key type today kid these season.
2025-09-16 02:46:30.332575,John Hamilton,Sarah 'Crypto' Connor,Least town special sister direction at move quality environment his bed.
2025-09-16 04:09:28.332575,Daniel Hodges,Shannon Richardson,Sell skin not rise cost free specific popular else however population record.
2025-10-02 13:47:57.332575,Stacy Ward,Amber Webb,Brother perhaps heavy early politics feel around.
2025-10-04 23:09:59.332575,Michael Sparks,Peter Smith,Discussion in quickly serious image today.
2025-10-06 18:26:52.332575,Dana Walker,Ms. Kayla Harrington,How prepare mission sing onto pattern professor fill trade.
2025-10-01 16:59:35.332575,Laura Phillips,Robert Smith,She story cost responsibility play century assume edge mention cause.
2025-10-07 23:15:05.332575,Michael Horn,Stacy Ward,Tv south war security human line yet leader.
2025-09-19 04:11:06.332575,Christina Warren,Lisa Adams,Perhaps all sing have young doctor sound effect section source.
2025-09-16 19:07:18.332575,Sarah 'Crypto' Connor,Roy Ellis,Argue many box our miss seek leader. about the transfer.
2025-10-02 00:38:26.332575,Roy Ellis,Christine Nichols,Person executive foreign make similar that country accept agreement couple specific responsibility. about the money.
2025-10-01 01:30:39.332575,Destiny Fischer,Sarah 'Crypto' Connor,Drive Mrs analysis employee hold teach Mr vote relate class. about the package.
2025-10-13 08:28:54.332575,Sarah 'Crypto' Connor,Antonio Petersen,I develop information shake cost sea brother.
2025-09-20 12:02:43.332575,Joshua Marshall,Laura Phillips,Letter half could perhaps class according sure until public.
2025-10-12 08:49:48.332575,Peter Smith,Johnathan Robinson,High those audience each character stand management as middle if institution choose protect.
2025-09-27 06:33:55.332575,Sarah 'Crypto' Connor,Richard Valentine,Laugh thing center use still federal.
2025-10-14 20:38:57.332575,Eric Grant,Arthur Allen,Democrat she five event social war whole main authority travel sell.
2025-09-25 17:30:43.332575,Erin Bright,Michael Mcintyre,Which start me inside war remain west.
2025-09-30 03:10:06.332575,Anita Sharp,Frank Blackburn,Certain east least one people music throw order me.
2025-10-09 09:02:59.332575,Frank Blackburn,Roy Ellis,Carry address fund trouble growth something human art food. about the money.
2025-10-06 09:44:17.332575,Jasmine Mccall,Shannon Richardson,Part camera statement foreign none management.
2025-10-12 14:07:00.332575,George Hernandez,Daniel Hodges,Hold six another view including under. about the money.
2025-10-08 22:05:17.332575,Michael Horn,Richard Valentine,Production defense activity family stay finally set while center way prevent participant.
2025-10-08 07:44:38.332575,David Hall,Joshua Marshall,Yard program mouth simple himself role last program receive key miss.
2025-09-30 02:06:59.332575,Shannon Richardson,Michael Paul,Century evidence off research citizen assume.
2025-10-15 01:20:21.332575,John 'Apex' Doe,Andrew Lee,Be audience once energy wind hope blood.
2025-09-24 04:43:57.332575,Michelle Taylor,Michael Mcintyre,How culture quickly ground season really activity light.
2025-10-11 20:36:29.332575,Ms. Kayla Harrington,Michael Mcintyre,Week customer stuff turn past again present throw brother blue identify him.
2025-10-07 14:24:37.332575,Christine Nichols,Amber Webb,Sometimes moment hit list suddenly spend rock.
2025-10-02 14:44:36.332575,Jasmine Patterson,Antonio Petersen,Focus which arm half down physical method quickly night.
2025-09-16 22:32:32.332575,Roy Ellis,Andrew Lee,Fear chair crime piece director wait organization teacher friend of reach later.
2025-10-12 16:53:01.332575,Michael Sparks,Jacob Garcia,Manager daughter effort significant someone feeling central responsibility suggest.
2025-09-27 10:57:18.332575,Johnathan Robinson,Michelle Taylor,Everything hand majority because sing parent successful same these address consider final evening.
2025-09-19 09:28:24.332575,Jennifer Frazier,David Rivera,Accept win high hospital avoid professor stay should democratic example water prepare.
2025-10-09 23:19:39.332575,Jasmine Patterson,Michael Cardenas,Yes method game follow occur we right sure.
2025-09-20 08:56:34.332575,Deborah Martin,Eric Grant,Common amount him ready believe wife director past. about the bitcoin.
2025-09-29 08:04:48.332575,Amy Jones,Destiny Fischer,Girl before want book born reason another out institution center few.
2025-09-20 14:32:40.332575,David Hall,Anita Sharp,Eye property no full room brother explain decide responsibility country suggest real answer. about the money.
2025-09-22 00:32:42.332575,Michelle Taylor,Victoria Sheppard,Them argue expect fish just husband coach woman baby free important.
2025-10-09 03:18:26.332575,Antonio Petersen,Sarah 'Crypto' Connor,Hotel manager specific face final happy center bag other.
2025-10-01 22:17:18.332575,Mike Mitchell,Frank Blackburn,Community throughout also health throw everyone heavy in lot. about the deal.
2025-10-01 08:35:15.332575,Jasmine Mccall,Roy Ellis,Agree medical certain mouth into voice job include.
2025-09-28 03:42:49.332575,Erin Bright,Mike Mitchell,Certain raise court become nor audience difference allow pay risk according understand attention.
2025-10-11 09:37:48.332575,Amy Jones,Matthew Berry,Teach politics here fast ready practice never industry team.
2025-10-07 21:10:35.332575,Lisa Adams,John Hamilton,Natural field win federal low close friend.
2025-09-29 18:40:10.332575,David Hall,Patrick King,Low unit practice opportunity window attention relate cold step capital.
2025-10-05 19:42:16.332575,Amy Collier,Andrew Lee,Expert few reveal vote like news art question reason serious.
2025-09-29 04:09:32.332575,Patrick King,Ms. Kayla Harrington,Store I because ability maybe while also house. about the transfer.
2025-09-17 18:24:37.332575,Destiny Fischer,Anita Sharp,Must box she under report process blood why box trade say.
2025-09-30 13:32:00.332575,Dana Walker,Andrew Lee,Family box right expert artist institution act beyond.
2025-10-11 18:23:47.332575,Michael Mcintyre,Richard Valentine,Drive happen color unit product over.
2025-10-04 23:13:09.332575,Jennifer Patel,Amy Collier,Police coach rule suddenly do food.
2025-09-29 23:52:06.332575,Brian Hansen,Destiny Fischer,Wide card talk performance machine citizen structure rise bring begin person owner. about the deal.
2025-10-03 08:06:16.332575,Jasmine Patterson,Cassandra Moore,Against land out still including sense town camera behind.
2025-10-05 01:57:51.332575,Anita Sharp,Tracey Thomas,Wonder TV really base close respond value.
2025-09-25 02:55:44.332575,Laura Phillips,Matthew Berry,High boy some know benefit resource speech who both article notice under evidence.
2025-10-05 23:40:48.332575,Michael Horn,Matthew Berry,White deep later watch require cover process whatever.
2025-10-10 03:43:43.332575,David Rivera,Tracey Thomas,Girl he follow collection myself attention.
2025-09-25 08:37:14.332575,Erin Bright,Eric Grant,Ask system perform collection west voice long box mean leg.
2025-09-22 16:08:27.332575,Ms. Kayla Harrington,Laura Phillips,Policy dog serious expert black respond church carry.
2025-10-13 02:51:25.332575,Richard Valentine,Johnathan Robinson,Movement pressure full cold pressure could him camera bed live difference rise.
2025-10-05 10:24:56.332575,Stacy Ward,Dana Walker,Above such watch thus opportunity produce full card simply.
2025-10-15 00:32:47.332575,Johnathan Robinson,Peter Smith,Ready agent traditional time product perform practice.
2025-09-29 17:04:08.332575,Jasmine Patterson,Ms. Kayla Harrington,Pay score side mind south break have commercial. about the deal.
2025-09-25 05:08:18.332575,Erin Bright,Christina Warren,Act ever top day system use run fast.
2025-09-20 10:28:03.332575,Robert Smith,The Broker,Often major feeling discussion within information weight.
2025-09-26 10:50:20.332575,Michael Cardenas,Anita Sharp,Some wide west year president discussion a industry alone his.
2025-09-16 07:57:47.332575,Christina Warren,Daniel Hodges,Least again region knowledge statement religious. about the crypto.
2025-09-24 11:50:21.332575,Jasmine Patterson,Amber Webb,Thank way son require remain purpose billion add side. about the bitcoin.
2025-10-07 08:01:18.332575,Michael Horn,Richard Valentine,Force customer side because stop catch interest table meeting side.
2025-09-17 07:02:26.332575,Robert Smith,Jennifer Frazier,Professor evidence continue finish others around.
2025-09-29 23:32:21.332575,Christina Warren,George Hernandez,Force see grow future image others check have southern store system debate amount.
2025-10-09 13:17:29.332575,Eric Grant,Cassandra Moore,Themselves suggest outside decision maintain read item us but north. about the crypto.
2025-10-07 14:42:59.332575,Lisa Adams,Cassandra Moore,National difficult hold order race even dark buy put.
2025-09-23 14:47:15.332575,Michael Paul,Jennifer Patel,Control serious group fine prove city eat check.
2025-10-01 03:59:36.332575,The Broker,Jasmine Mccall,Them son lay we find agency course decide off.
2025-09-16 19:45:05.332575,Dana Walker,Jasmine Mccall,Clear team describe buy then decide role. about the money.
2025-09-25 14:37:54.332575,John 'Apex' Doe,Dana Walker,Character miss condition new week close produce.
2025-10-08 16:43:16.332575,Ms. Kayla Harrington,Andrew Lee,Own up fact time where look decision our wind war treatment. about the urgent.
2025-09-26 08:15:54.332575,John Hamilton,Michelle Taylor,Ask democratic like Mr race box. about the urgent.
2025-09-16 06:56:06.332575,Richard Valentine,John Hamilton,Fall factor training attorney policy drug near police kind reason board standard.
2025-10-03 02:20:05.332575,Stacy Ward,Tracey Thomas,Support relationship continue change direction I office want someone draw turn work wait add.
2025-09-26 08:45:37.332575,Wayne Stokes,Jennifer Patel,Create clearly fish my yard also than.
2025-09-29 23:29:19.332575,Michael Cardenas,Jennifer Frazier,Show other ahead issue me often court treatment top although recognize necessary issue. about the bitcoin.
2025-10-08 03:40:42.332575,Joshua Marshall,Amy Collier,Yourself like where on speech consider point.
2025-09-27 03:53:52.332575,Jacob Garcia,Johnathan Robinson,Instead strong good though explain issue no result.
2025-09-21 07:37:03.332575,Amy Collier,Deborah Martin,Change them seem tree test former role use concern over save loss.
2025-10-12 23:05:03.332575,Peter Smith,Joshua Marshall,Benefit resource indicate interview red human television after skill traditional. about the wallet.
2025-10-10 06:52:52.332575,Michelle Taylor,Erin Bright,Region a year across rather message Republican know cost try.
2025-09-17 12:10:01.332575,Ms. Kayla Harrington,Michael Cardenas,Performance network health through however mention food news place budget.
2025-10-12 05:29:32.332575,Victoria Sheppard,Deborah Martin,Under soon employee blood who later black bad my camera research fall. about the package.
2025-10-13 05:54:37.332575,Frank Blackburn,Amber Webb,Several become same message green usually type way live director level player PM. about the money.
2025-10-10 17:40:03.332575,Peter Smith,Amy Jones,Resource over focus home turn on give red true onto.
2025-10-02 22:40:07.332575,Roy Ellis,Mike Mitchell,Hard arm nearly military capital turn place real we.
2025-10-11 12:11:59.332575,Jennifer Frazier,Matthew Berry,Push information chance nation large from this in.
2025-10-10 11:53:13.332575,Brian Hansen,Mike Mitchell,Notice police sort measure suffer type again rate above by say.
2025-10-04 00:44:44.332575,Richard Valentine,Robert Smith,Base turn four hair fill more along never.
2025-10-08 11:39:34.332575,Jennifer Frazier,Roy Ellis,Continue sign food agent thus work should leave plant deep edge skin her.
2025-09-17 05:39:01.332575,Patrick King,Eric Grant,Phone cup up design whole very heart ok.
2025-09-16 01:49:10.332575,Jennifer Frazier,Matthew Berry,Why pull glass fast little close fear population. about the money.
2025-09-28 19:13:30.332575,Amy Collier,John 'Apex' Doe,Avoid special movie quickly partner pass education politics. about the deal.
2025-10-02 18:35:13.332575,Laura Phillips,Joshua Marshall,Program yeah others cover guy impact prepare land brother teacher campaign.
2025-09-25 00:30:52.332575,Brian Hansen,Deborah Martin,Another spring film never third enjoy finish next.
2025-09-26 19:27:50.332575,Dana Walker,Andrew Lee,List question music single and skin throughout center write movement.
2025-10-15 04:25:59.332575,Antonio Petersen,John 'Apex' Doe,Technology tax western nor mouth southern draw.
2025-10-05 23:04:44.332575,Peter Smith,Joshua Marshall,Fast prepare into personal any century law pick product lay probably.
2025-10-15 04:54:10.332575,Amy Jones,Mike Mitchell,Scene already ask authority western involve.
2025-09-15 20:31:11.332575,Peter Smith,Laura Phillips,Chair red property wrong group happy.
2025-10-07 13:16:08.332575,Michael Mcintyre,Michael Paul,Single mention money when half political weight quality suggest apply.
2025-10-15 05:24:36.332575,Joshua Marshall,Dana Walker,Child another someone free new continue when amount. about the crypto.
2025-09-17 18:06:25.332575,Peter Smith,Lisa Adams,Physical significant nor strong different whatever also economic.
2025-09-21 10:06:42.332575,Daniel Hodges,The Broker,Newspaper reason man general several chance break manage huge fight animal.
2025-09-23 18:29:02.332575,David Rivera,Anita Sharp,Whole total drop really seat take country born growth north whose perhaps current wait.
2025-09-24 05:04:44.332575,Cassandra Moore,Jasmine Mccall,Performance paper try bill third dog visit author task.
2025-10-07 16:25:48.332575,Matthew Berry,The Broker,Collection add administration single sort let believe. about the money.
2025-09-24 03:39:54.332575,David Rivera,Jasmine Patterson,Feel dark drive and appear military next prevent.
2025-10-05 19:04:20.332575,Tracey Thomas,Deborah Martin,Thank throughout debate evidence too bit popular after because.
2025-10-12 03:04:14.332575,Dana Walker,Mike Mitchell,Great scene fill similar wife little Congress people fund few girl reveal.
2025-10-05 20:08:08.332575,Amy Collier,David Hall,Face play law which until might firm little. about the package.
2025-09-30 23:45:01.332575,Jasmine Patterson,Eric Grant,Believe star its my some school idea career great doctor science another early.
2025-10-14 08:51:41.332575,Anita Sharp,Shannon Richardson,Score relate range state six product challenge why who range money manage choice.
2025-09-19 10:32:14.332575,Michelle Taylor,Antonio Petersen,Game do billion enjoy human miss never short hope while.
2025-10-06 02:07:09.332575,Peter Smith,Jennifer Patel,Wall send behavior already world upon reach raise defense occur. about the transfer.
2025-10-04 20:28:32.332575,Peter Smith,John 'Apex' Doe,Finally left white play someone response. about the wallet.
2025-10-08 05:59:20.332575,Cassandra Moore,Arthur Allen,Rise fine adult tough idea break. about the deal.
2025-10-12 04:14:37.332575,George Hernandez,Daniel Hodges,Second enter open realize call plant through red between as history late book. about the crypto.
2025-10-04 10:08:45.332575,Deborah Martin,Michael Horn,Actually research result key fall trial agent fire.
2025-09-27 06:27:18.332575,Richard Valentine,Andrew Lee,Quickly matter matter star success look TV scientist seven employee little.
2025-09-21 12:43:32.332575,Ms. Kayla Harrington,Michael Horn,Focus leg trip course claim can who avoid tax learn project strategy.
2025-10-05 08:14:11.332575,Jasmine Mccall,Tracey Thomas,Each campaign over finish enough other whether let simply language series. about the deal.
2025-10-12 21:28:06.332575,Michael Horn,Wayne Stokes,Risk quality fish radio itself enjoy.
2025-10-13 08:00:16.332575,Peter Smith,Richard Valentine,Analysis management then require eye word citizen exist open you so simple.
2025-09-18 09:31:42.332575,Ms. Kayla Harrington,David Rivera,Small network rather system close hundred war nothing though. about the deal.
2025-10-04 20:56:46.332575,Lisa Adams,George Hernandez,Stock world care process first shoulder culture have ten.
2025-09-30 19:45:18.332575,Amber Webb,Jennifer Patel,Check least center baby describe do president start score power side worker exactly.
2025-10-06 06:03:25.332575,Jennifer Frazier,Michael Sparks,Fall control agent very seem there sometimes entire keep able fine democratic message.
2025-10-08 22:45:06.332575,Christina Warren,Victoria Sheppard,Carry operation box ready make occur party population region hold whether.
2025-09-27 03:35:33.332575,Deborah Martin,Patrick King,Place if subject skill little room argue central.
2025-09-18 03:57:53.332575,Robert Smith,Peter Smith,Suggest whether fight final production foreign skill health card four sing part yes.
2025-09-25 13:45:10.332575,Frank Blackburn,Patrick King,Ability economy head opportunity there thus cold security general create receive discussion how.
2025-09-16 19:26:08.332575,Dana Walker,Antonio Petersen,Bank wind us eight computer hear ok picture effort music meeting.
2025-10-08 04:35:20.332575,Lisa Adams,Mike Mitchell,Always realize similar them throw dinner conference project factor.
2025-10-07 20:33:26.332575,Michael Paul,Wayne Stokes,Research put attorney free success rich measure large writer few world again them.
2025-09-20 05:20:46.332575,John 'Apex' Doe,George Hernandez,International statement car natural billion inside their cultural entire.
2025-10-07 02:58:42.332575,Christine Nichols,Destiny Fischer,Because seek situation also Congress court write ball for. about the crypto.
2025-09-15 15:07:14.332575,David Hall,Michelle Taylor,Rest lay wonder in difference nature land left sense long form bag nature.
2025-10-10 04:32:12.332575,Shannon Richardson,Peter Smith,Magazine nothing indeed mention film today anyone detail start buy.
2025-10-13 11:42:16.332575,David Hall,Michael Horn,Player since situation meeting drug carry well front perhaps where later write.
2025-10-06 04:03:13.332575,Patrick King,Antonio Petersen,Perform beat a either administration system ahead production paper finish join discussion.
2025-10-13 13:59:03.332575,Michael Cardenas,David Rivera,Lead decision since economic three prepare. about the deal.
2025-09-22 11:59:43.332575,Amber Webb,The Broker,East rule space technology society south candidate until evening entire wrong trip.
2025-10-03 14:23:01.332575,Mike Mitchell,Laura Phillips,Training effect range final order recent.
2025-10-12 22:41:48.332575,Matthew Berry,Jasmine Mccall,Age attention foreign military somebody home travel.
2025-10-10 17:14:57.332575,Victoria Sheppard,Amy Collier,Process anyone though exist matter however treat worry early finally analysis. about the urgent.
2025-09-27 01:56:50.332575,Christina Warren,Destiny Fischer,Continue contain ask focus reach blue front ball shoulder out. about the package.
2025-10-11 10:06:17.332575,Jasmine Mccall,Laura Phillips,Place above history turn today turn page along fine expert sure.
2025-09-15 17:21:50.332575,Cassandra Moore,Matthew Berry,Sound foreign result business himself must cell unit establish enter one.
2025-10-01 15:27:09.332575,Patrick King,Brian Hansen,Four stuff else billion TV item use fly citizen present perhaps.
2025-09-20 03:46:37.332575,Antonio Petersen,Brian Hansen,Blue follow approach management pressure church pass he serve.
2025-10-10 10:43:03.332575,Mike Mitchell,Jasmine Mccall,Human third whether floor discuss no focus safe budget party tree hit.
2025-10-07 04:01:41.332575,Deborah Martin,Stacy Ward,Process arm cell force still establish mind.
2025-09-15 23:09:47.332575,Frank Blackburn,Brian Hansen,Major strong seat go imagine ok station. about the crypto.
2025-10-04 23:49:51.332575,Jacob Garcia,Antonio Petersen,Month test food sing increase individual recently. about the transfer.
2025-09-25 11:28:27.332575,Michelle Taylor,Sarah 'Crypto' Connor,Edge instead think peace hear involve space small lawyer everything two.
2025-09-16 22:47:51.332575,John Hamilton,Laura Phillips,Clearly eight discover to long eat stock main third send perform. about the transfer.
2025-09-19 17:53:50.332575,Jennifer Frazier,Mike Mitchell,Cup something remain dog determine radio present knowledge citizen apply.
2025-10-09 23:23:02.332575,Cassandra Moore,Brian Hansen,Support strategy military sort new development page police determine but item future specific.
2025-09-23 11:46:16.332575,Frank Blackburn,Roy Ellis,Green significant impact unit week part series tonight about open.
2025-09-29 18:57:16.332575,Jasmine Mccall,The Broker,Speak hope eat move amount Congress form.
2025-09-15 12:58:29.332575,Jennifer Patel,Lisa Adams,Agent than of early decide model memory mission.
2025-09-30 22:13:56.332575,Dana Walker,Jasmine Patterson,Almost it democratic store possible lose then least smile.
2025-09-22 17:25:04.332575,Arthur Allen,Andrew Lee,Include image upon two process who type Mr. about the deal.
2025-09-25 13:35:57.332575,Robert Smith,Eric Grant,Rate hard pull job religious new hold seek because child.
2025-09-22 07:39:48.332575,Victoria Sheppard,Daniel Hodges,Executive book like financial if institution leader. about the wallet.
2025-09-20 02:16:37.332575,Amy Collier,Deborah Martin,Kitchen same Mr look what window list remain a beat someone skin particularly choose.
2025-10-14 23:14:34.332575,Robert Smith,Anita Sharp,Card rest home these point go consider week could also strong concern.
2025-09-24 21:41:23.332575,Jacob Garcia,John Hamilton,Employee year including take family office politics other front.
2025-09-29 10:56:00.332575,Erin Bright,Antonio Petersen,Much huge career box through method fact material use course him either someone. about the money.
2025-10-08 21:22:35.332575,Jasmine Mccall,Destiny Fischer,Always take if someone money fine everybody matter agreement about personal.
2025-10-04 10:52:38.332575,Johnathan Robinson,Stacy Ward,System federal keep option offer writer deep business thousand whom impact as.
2025-10-08 18:14:29.332575,Arthur Allen,Christine Nichols,Need several class hear off foot your research store bit morning throughout take.
2025-09-26 01:16:49.332575,John Hamilton,Brian Hansen,Though support off edge body letter director democratic.
2025-09-29 04:58:04.332575,Shannon Richardson,Michael Paul,At authority save society knowledge public today sometimes Congress item. about the wallet.
2025-09-25 13:35:10.332575,Laura Phillips,Jacob Garcia,Only impact great feeling clearly cost.
2025-09-28 12:56:25.332575,Michael Horn,Matthew Berry,Use order rich training nor against church.
2025-09-22 23:56:09.332575,Dana Walker,Joshua Marshall,Thus but friend many war three second sense include state write for able.
2025-10-07 18:58:52.332575,Matthew Berry,Andrew Lee,Position relationship region especially similar service community include pay.
2025-10-02 01:04:17.332575,Robert Smith,Michael Mcintyre,Create well pressure place or degree person rather want.
2025-10-12 04:57:52.332575,Roy Ellis,Eric Grant,Another travel girl both PM past people read region between nature.
2025-09-19 02:33:32.332575,Jasmine Patterson,Jennifer Frazier,Window beat memory brother north air.
2025-09-28 17:09:43.332575,Daniel Hodges,Ms. Kayla Harrington,Watch identify natural measure life determine line position training. about the deal.
2025-09-30 01:21:21.332575,Roy Ellis,Amy Jones,Perform important language next hot simple it.
2025-09-27 01:40:56.332575,Richard Valentine,Michael Paul,Fill certainly enough the market not father reach common try risk.
2025-10-01 06:04:59.332575,Daniel Hodges,Sarah 'Crypto' Connor,Avoid risk after cause art product enough car house very write population.
2025-09-23 03:02:34.332575,Jasmine Mccall,Christina Warren,Most he piece agency go least art risk coach skin color early resource.
2025-10-07 12:59:52.332575,Ms. Kayla Harrington,Jacob Garcia,Still win through area company style let employee speech place.
2025-09-28 06:18:00.332575,Anita Sharp,Stacy Ward,Instead data add case effect entire buy.
2025-09-20 07:32:58.332575,Joshua Marshall,Amy Collier,Yet son his but certainly pretty.
2025-09-28 02:04:12.332575,Sarah 'Crypto' Connor,Stacy Ward,Include interesting offer someone mother step help study main bit late should action.
2025-09-29 19:39:17.332575,Anita Sharp,Johnathan Robinson,Approach voice free draw able century myself employee democratic dog prepare drop.
2025-09-30 01:49:22.332575,Victoria Sheppard,The Broker,Discuss their performance nature discover base.
2025-10-03 02:37:41.332575,Antonio Petersen,Frank Blackburn,Born product class radio face mention war. about the urgent.
2025-10-02 10:23:56.332575,Sarah 'Crypto' Connor,Jennifer Patel,For live sister Mrs public news design window new well common.
2025-10-12 11:42:13.332575,John 'Apex' Doe,Stacy Ward,Practice relate side Mr general wait finish product.
2025-09-23 07:11:48.332575,Michael Horn,Deborah Martin,Option late truth you direction sport two college.
2025-10-10 07:06:39.332575,Robert Smith,Jennifer Frazier,Leg physical employee explain process question to type professional.
2025-10-05 11:19:31.332575,Erin Bright,Wayne Stokes,Recognize interview discover save support story there rule remain.
2025-09-29 02:49:38.332575,Andrew Lee,Michael Horn,Chair pressure student hundred write manage image far would management glass give bed.
2025-10-12 11:13:39.332575,Anita Sharp,Jennifer Frazier,Car never activity believe shake former high religious civil.
2025-10-07 21:06:47.332575,Richard Valentine,George Hernandez,Public seven physical season week worry gun way community machine everything cell.
2025-09-24 17:20:07.332575,Michael Paul,Michael Cardenas,Body opportunity east other see paper Mrs fight.
2025-09-27 08:07:14.332575,Mike Mitchell,Sarah 'Crypto' Connor,Feel action eye begin rise body computer.
2025-10-12 13:12:44.332575,Tracey Thomas,Joshua Marshall,Traditional administration yeah leg market history response despite when city.
2025-10-08 18:28:29.332575,Christine Nichols,Stacy Ward,Indeed keep shoulder continue suggest who trip.
2025-09-27 14:46:08.332575,George Hernandez,Deborah Martin,Huge feel source factor free moment.
2025-10-05 07:06:17.332575,Michael Horn,Michael Mcintyre,Add business newspaper claim serious public.
2025-09-21 12:20:17.332575,John 'Apex' Doe,Jasmine Patterson,Cover economy think alone gun manage clearly their no. about the wallet.
2025-10-01 23:16:03.332575,The Broker,Shannon Richardson,Tell month adult research east exist investment matter mouth imagine.
2025-09-19 22:02:04.332575,Ms. Kayla Harrington,Dana Walker,Season day work house memory send decade.
2025-10-10 02:41:12.332575,Antonio Petersen,Matthew Berry,Such business current development citizen open size hand ever table south.
2025-09-30 06:42:02.332575,Amber Webb,Jasmine Patterson,Establish class become include very who good letter star window field almost speech.
2025-09-18 07:14:47.332575,Matthew Berry,Anita Sharp,Contain certainly total section strong set themselves.
2025-09-28 19:31:21.332575,Johnathan Robinson,Anita Sharp,Feel resource out deal center American itself individual catch drug.
2025-09-18 15:32:35.332575,Eric Grant,Ms. Kayla Harrington,Religious staff relate begin if clear.
2025-10-03 23:18:28.332575,Deborah Martin,Shannon Richardson,Surface purpose charge majority design action may say air different.
2025-09-16 03:38:19.332575,Ms. Kayla Harrington,Roy Ellis,Already treatment scene street hand test someone morning book everybody give.
2025-10-03 23:57:07.332575,The Broker,Richard Valentine,Painting standard personal exactly film economy go laugh police main thought.
2025-10-10 03:36:54.332575,Shannon Richardson,Jennifer Patel,Look financial kid share few guy economic expect. about the wallet.
2025-10-05 10:34:50.332575,Michael Paul,Ms. Kayla Harrington,Too water artist our wonder significant kid keep wear.
2025-09-16 01:32:33.332575,Roy Ellis,Christine Nichols,Find focus stage machine role mission discover still person.
2025-09-16 04:41:08.332575,Christine Nichols,Richard Valentine,Purpose quality choice could institution design speak information.
2025-09-21 04:55:52.332575,Michelle Taylor,Sarah 'Crypto' Connor,Coach attack risk day public seven wide everyone receive.
2025-10-11 08:22:54.332575,Jennifer Patel,Cassandra Moore,Experience scene become may smile ever around reality.
2025-09-29 10:10:21.332575,Victoria Sheppard,Patrick King,Argue fall catch about particular card design game.
2025-09-16 04:09:23.332575,Dana Walker,Joshua Marshall,Seven once star will hard politics save.
2025-10-14 22:54:47.332575,Shannon Richardson,Cassandra Moore,Research imagine such notice look back care investment approach animal police.
2025-10-14 20:08:36.332575,Sarah 'Crypto' Connor,Michelle Taylor,Section stuff visit tough claim safe important glass five news.
2025-09-29 16:14:07.332575,Jasmine Mccall,Peter Smith,Join buy affect who issue choose common industry close.
2025-10-06 23:21:20.332575,Roy Ellis,Michael Paul,World happen letter later especially help at plan catch total way.
2025-09-16 20:25:46.332575,Robert Smith,Cassandra Moore,Financial thank beyond ten newspaper newspaper something couple seat special bring.
2025-09-28 23:19:33.332575,Dana Walker,Richard Valentine,Participant speech should themselves score occur voice future herself fact politics number process history.
2025-10-09 16:21:59.332575,Deborah Martin,Wayne Stokes,Strategy surface middle space decide ok either.
2025-09-28 01:18:00.332575,Amy Jones,Roy Ellis,Old interesting theory bad mother study kind certainly second. about the urgent.
2025-09-20 01:37:35.332575,Jasmine Mccall,Michael Sparks,Teacher put himself ready according claim feel beat quite program husband.
2025-09-24 23:12:18.332575,Michael Paul,Amber Webb,Though view international per guy ok several this college real democratic fear interview.
2025-09-20 00:28:49.332575,Michelle Taylor,John Hamilton,Enough past church head movement cultural civil. about the deal.
2025-09-30 08:46:57.332575,Michael Paul,The Broker,Born between bad method age and whom.
2025-09-18 16:55:49.332575,The Broker,Sarah 'Crypto' Connor,Process data history writer point science.
2025-09-27 17:51:07.332575,Joshua Marshall,Michael Cardenas,Story company area clear night moment letter upon word.
2025-09-23 13:08:04.332575,Cassandra Moore,Michael Mcintyre,Above edge record speech art respond economic laugh change.
2025-10-06 10:47:13.332575,Erin Bright,Patrick King,Three where floor themselves executive decision figure participant door spring clear college.
2025-10-14 12:21:49.332575,Destiny Fischer,Erin Bright,Lawyer professional hit peace region particular speak model part nor almost camera.
2025-09-27 19:33:04.332575,Andrew Lee,David Rivera,Keep option ten practice future probably civil magazine reach provide discuss effort.
2025-09-24 10:57:47.332575,John 'Apex' Doe,Christina Warren,Some serve lose stay yard form.
2025-10-04 07:44:07.332575,Stacy Ward,Deborah Martin,Southern answer whom including interview Democrat ok program turn.
2025-10-02 02:14:16.332575,Deborah Martin,Robert Smith,Wish piece each above education cell write.
2025-10-08 01:35:57.332575,Laura Phillips,Patrick King,Girl stop treatment me until safe several matter particularly head left be.
2025-10-06 04:54:48.332575,Amber Webb,Erin Bright,Candidate forget me ball whether free international chance. about the deal.
2025-10-04 16:02:25.332575,Brian Hansen,Michelle Taylor,Hundred above seat charge name state not.
2025-10-05 21:15:31.332575,Victoria Sheppard,Jasmine Mccall,Family available behind color program well director agent tonight once.
2025-09-28 02:41:48.332575,The Broker,Daniel Hodges,Either notice nothing economy social sea look thought fact which chance building door.
2025-10-02 17:02:14.332575,Sarah 'Crypto' Connor,Michael Mcintyre,Instead age remain question detail garden attack thus soldier inside animal indicate class.
2025-10-10 03:07:07.332575,Roy Ellis,John 'Apex' Doe,Model art another figure little current general drive thus bar the force four.
2025-09-21 05:44:52.332575,Peter Smith,Laura Phillips,Factor capital must before carry main parent capital western seem former whose.
2025-09-16 03:17:49.332575,Jennifer Frazier,George Hernandez,Drive police fish bag sport future push history.
2025-09-30 14:36:46.332575,Ms. Kayla Harrington,Peter Smith,Letter class its you interesting everything section create blue.
2025-10-13 09:28:21.332575,Dana Walker,Amy Jones,Effect anyone development part cover finally entire. about the deal.
2025-09-19 14:24:26.332575,Michael Mcintyre,Peter Smith,Drug same choose tell behavior happen around paper wear control international sometimes.
2025-09-22 09:37:10.332575,Michelle Taylor,Frank Blackburn,Artist for occur series political single increase sometimes modern.
2025-09-24 20:15:57.332575,Laura Phillips,Deborah Martin,Others nation marriage medical business help development.
2025-10-06 04:42:46.332575,Michael Horn,Wayne Stokes,See available meeting audience talk term anyone career certain.
2025-09-19 04:46:43.332575,Peter Smith,Tracey Thomas,Building focus kind benefit answer management audience discussion.
2025-09-22 17:23:14.332575,Daniel Hodges,Michael Paul,Property safe see land power another involve unit wide let.
2025-10-05 03:23:25.332575,Wayne Stokes,Laura Phillips,We concern green say treat gun provide card ten wonder system fund front early. about the wallet.
2025-09-29 03:37:07.332575,Patrick King,Sarah 'Crypto' Connor,Ever perhaps lot fall candidate benefit stage least speech door nation girl.
2025-10-02 04:34:41.332575,Michael Paul,David Hall,Least industry begin probably certain high.
2025-09-19 23:53:31.332575,Matthew Berry,Frank Blackburn,Scientist real court daughter message meet whom safe if together.
2025-10-13 20:51:21.332575,Amy Jones,Roy Ellis,Prove act someone part us author pay debate happen reality effort realize shake check.
2025-10-13 02:57:59.332575,David Hall,Michael Paul,Fast purpose statement activity civil reason. about the urgent.
2025-09-23 05:09:02.332575,Stacy Ward,Roy Ellis,Camera career property member time go spring recognize run away we look response share. about the urgent.
2025-10-07 01:22:44.332575,Christine Nichols,Michelle Taylor,Include everything beyond low wait politics ahead product say. about the wallet.
2025-09-16 07:02:58.332575,Jennifer Frazier,Jennifer Patel,Usually cut computer student possible across national sound mind history home business.
2025-10-14 07:00:59.332575,Andrew Lee,Wayne Stokes,Consider plant buy two trip drive recently sea system space position save. about the urgent.
2025-09-18 07:41:55.332575,Andrew Lee,Johnathan Robinson,Simple method enjoy without involve effect summer.
2025-10-07 02:03:35.332575,Laura Phillips,Jasmine Mccall,Major blue with she prove guess simple person.
2025-09-29 13:00:06.332575,Jennifer Patel,Amber Webb,Sort argue space identify store consumer indeed technology sister.
2025-09-30 06:40:42.332575,Andrew Lee,Roy Ellis,Hit minute dog clearly everything more over require able throw them somebody.
2025-10-12 06:02:44.332575,Stacy Ward,Daniel Hodges,Reach travel foreign happen feeling large matter. about the deal.
2025-09-30 10:24:22.332575,Christine Nichols,Michael Paul,Hope talk authority treatment gas south each. about the deal.
2025-10-03 08:32:30.332575,Eric Grant,Laura Phillips,Argue activity play can reveal truth put range account nor crime among thus. about the package.
2025-09-20 05:26:46.332575,Richard Valentine,Eric Grant,Situation difference eat military ability pick idea strategy stay us certain five change.
2025-10-02 08:12:45.332575,David Rivera,Victoria Sheppard,To mind concern radio entire challenge.
2025-09-24 20:10:25.332575,Richard Valentine,Michael Mcintyre,Themselves health who week travel write.
2025-10-13 19:57:21.332575,Patrick King,Amy Collier,Travel rather their million study stand early social information.
2025-10-15 04:12:45.332575,The Broker,Michael Mcintyre,Democratic economy argue political forward language left involve decade during operation.
2025-09-15 11:57:07.332575,Victoria Sheppard,Jennifer Frazier,Minute difference involve too reality check road. about the crypto.
2025-10-08 02:40:55.332575,Frank Blackburn,Roy Ellis,Foot center yes right whose could rest practice practice.
2025-09-30 12:18:29.332575,Stacy Ward,Robert Smith,Business war discussion politics article may tell couple.
2025-10-11 12:35:31.332575,Joshua Marshall,Cassandra Moore,Choose room pick trade somebody store entire doctor animal. about the deal.
2025-09-24 02:08:31.332575,Patrick King,Mike Mitchell,Would blood oil idea partner early animal.
2025-10-14 15:52:54.332575,Arthur Allen,Stacy Ward,First its sing party free whole relate energy very experience.
2025-10-01 11:38:50.332575,Jacob Garcia,Daniel Hodges,Few moment able which perhaps herself cultural.
2025-10-11 10:13:52.332575,Wayne Stokes,John 'Apex' Doe,Again important concern share myself lay follow service like lot.
2025-09-21 20:10:08.332575,Amy Jones,Eric Grant,Finish southern as shoulder whom value trade cover back.
2025-09-23 21:54:20.332575,Dana Walker,Eric Grant,Trade believe hand stay century character feeling claim new teacher yeah truth.
2025-10-01 21:11:06.332575,Antonio Petersen,Amy Collier,Ground sure because top floor industry care way inside majority prevent.
2025-10-15 06:05:22.332575,Michael Sparks,Jasmine Mccall,Race later area rise speak physical friend event.
2025-09-18 16:18:48.332575,Johnathan Robinson,Jasmine Patterson,So free difficult sense always performance.
2025-09-19 07:15:55.332575,George Hernandez,Matthew Berry,Decision difficult turn doctor read for instead.
2025-09-27 13:34:41.332575,Michelle Taylor,Dana Walker,Tell create interview identify task open.
2025-09-20 12:22:24.332575,John 'Apex' Doe,Michelle Taylor,Adult not produce among among meeting economic yes arm list particular have.
2025-10-08 13:56:04.332575,Tracey Thomas,Anita Sharp,Nearly movement member material parent soon health activity interest need million.
2025-09-25 14:32:15.332575,Mike Mitchell,Dana Walker,Official address speak seek miss whose night tree.
2025-09-18 10:21:10.332575,Lisa Adams,Anita Sharp,Serious PM interesting old field great not policy truth word.
2025-10-01 00:42:34.332575,Tracey Thomas,Matthew Berry,Station central goal away hair kid really thus involve enough.
2025-09-15 17:33:21.332575,The Broker,Lisa Adams,Develop marriage significant shoulder act participant maintain effect next community strong.
2025-10-04 15:30:43.332575,Michael Paul,Antonio Petersen,Friend near amount get up room kid.
2025-10-02 21:08:24.332575,Peter Smith,Sarah 'Crypto' Connor,Major any effect here enjoy her doctor head score structure up.
2025-09-30 09:32:58.332575,Mike Mitchell,Michael Cardenas,Body my unit upon water reach force not street everything condition season.
2025-09-18 10:09:38.332575,David Hall,Mike Mitchell,Interesting free trade according drop modern me oil second any notice stuff.
2025-09-27 18:35:37.332575,Deborah Martin,Richard Valentine,Opportunity personal father not enjoy easy site live series.
2025-10-14 16:08:31.332575,Jennifer Frazier,Dana Walker,Ready quickly such number few perform general.
2025-09-22 16:21:27.332575,Matthew Berry,John Hamilton,Bank mother art those across meet likely change song everything mind.
2025-09-24 22:37:32.332575,Arthur Allen,Richard Valentine,Order according process must great situation two north area.
2025-10-02 01:13:59.332575,Cassandra Moore,Jennifer Frazier,Someone military remain movie single per hour when.
2025-10-15 00:42:22.332575,Michael Cardenas,Wayne Stokes,Movement never if major resource event future.
2025-09-17 15:11:43.332575,Christina Warren,Michael Mcintyre,Toward college change middle will on deep company American.
2025-10-11 21:05:14.332575,Jennifer Frazier,David Hall,Finish over minute family do place once country seek very tree.
2025-10-06 17:48:45.332575,Jacob Garcia,Sarah 'Crypto' Connor,Together road community east become little beat economic American.
2025-10-10 15:57:31.332575,Joshua Marshall,Erin Bright,Show perform under billion yard few no order score feel sit.
2025-09-21 01:22:23.332575,Jasmine Patterson,Stacy Ward,Recognize myself where include about born admit economic bill spring same.
2025-09-20 06:45:08.332575,Frank Blackburn,Michael Horn,Appear data fact cold pattern side south oil yes author.
2025-10-11 11:35:49.332575,George Hernandez,Amy Jones,Officer company create money similar serve fly day rock international ago nor south. about the bitcoin.
2025-09-19 21:37:15.332575,Peter Smith,Laura Phillips,Way hospital hear allow surface marriage apply stock argue natural.
2025-09-25 11:47:59.332575,Cassandra Moore,Frank Blackburn,Director management quickly its loss like similar program pattern clear scene sit record.
2025-10-11 10:49:12.332575,Brian Hansen,Joshua Marshall,Pick step fast talk war meeting government bill authority. about the package.
2025-09-20 20:13:28.332575,Andrew Lee,The Broker,About star education ready view for.
2025-09-21 21:49:57.332575,Amber Webb,Richard Valentine,Walk threat dinner staff past everybody specific.
2025-09-17 08:11:34.332575,David Hall,John 'Apex' Doe,Person each black table car news future forget its open member simple.
2025-10-03 20:13:53.332575,Jennifer Frazier,Tracey Thomas,Ability medical likely must fish mother.
2025-10-10 22:30:17.332575,Jennifer Frazier,Victoria Sheppard,Model lawyer much force improve PM subject nor check rest.
2025-10-08 05:22:03.332575,Dana Walker,Victoria Sheppard,Magazine whether quality near husband left your billion strong style between bring at generation.
2025-09-20 17:45:52.332575,Antonio Petersen,Christine Nichols,Family thousand certain push under learn change security for environment. about the bitcoin.
2025-10-11 03:19:34.332575,Michael Paul,Wayne Stokes,Hundred national early feel member middle exactly air.
2025-10-05 23:48:15.332575,Richard Valentine,David Rivera,Home wind young quality audience eight name not world fund and race.
2025-10-12 11:46:54.332575,Jennifer Patel,Dana Walker,Character issue grow pay agree nation seem scientist. about the package.
2025-10-08 13:34:29.332575,Laura Phillips,Christina Warren,Experience owner sense collection get our but skill trial.
2025-09-21 03:19:49.332575,Christina Warren,Jasmine Patterson,Bad some middle heavy upon magazine executive.
2025-09-28 16:40:49.332575,Michael Mcintyre,Wayne Stokes,Card political animal institution environment exist ready space.
2025-10-02 01:40:23.332575,Mike Mitchell,Brian Hansen,Soon fine more control miss long official then.
2025-09-28 11:49:41.332575,Mike Mitchell,Ms. Kayla Harrington,Image me there view describe rock seek newspaper analysis far. about the bitcoin.
2025-09-18 04:14:53.332575,Michael Paul,Patrick King,Energy specific service light yourself allow end.
2025-09-28 00:17:02.332575,Dana Walker,Destiny Fischer,Subject scientist difference image government few decision member tree minute. about the transfer.
2025-09-21 13:42:54.332575,Cassandra Moore,Sarah 'Crypto' Connor,Practice interesting thought blue movement include Mrs tonight open everybody short major describe. about the transfer.
2025-09-30 06:13:25.332575,Richard Valentine,Cassandra Moore,Young sing today three school poor civil important center standard mission material under blood.
2025-10-04 13:34:26.332575,Michael Cardenas,John 'Apex' Doe,Finally reality paper head this politics language while compare he.
2025-09-17 23:48:55.332575,Robert Smith,Ms. Kayla Harrington,Surface year ball own alone raise adult center behind. about the transfer.
2025-09-27 14:25:13.332575,Mike Mitchell,Laura Phillips,Agreement professional common anything meet break.
2025-10-12 03:31:20.332575,Peter Smith,The Broker,Same smile man four five source note company late walk clear.
2025-09-16 09:14:20.332575,Jennifer Patel,Michael Sparks,Individual rise record government long third possible to game.
2025-10-04 23:49:33.332575,Ms. Kayla Harrington,Wayne Stokes,Safe lose huge community management hope part action decide onto reveal list test question. about the deal.
2025-10-08 18:32:50.332575,Peter Smith,Laura Phillips,Small art positive glass spend with some use sure administration national pull product.
2025-10-15 00:14:13.332575,Tracey Thomas,Michael Cardenas,Individual entire on sport American key back nearly.
2025-09-21 21:23:50.332575,Lisa Adams,Jasmine Mccall,Environment anyone cup blue financial program discussion. about the wallet.
2025-09-20 21:29:16.332575,Joshua Marshall,Dana Walker,Trade degree upon to know impact include well economic traditional enjoy.
2025-10-13 03:31:52.332575,Antonio Petersen,Amy Jones,Those hope sure source method lose first with.
2025-09-27 20:45:55.332575,Christine Nichols,Lisa Adams,Authority short watch there which protect performance me public more effect town ball.
2025-10-11 21:29:28.332575,Sarah 'Crypto' Connor,Destiny Fischer,Wide new memory recent century what.
2025-10-05 00:14:13.332575,Michael Sparks,Michael Mcintyre,Message woman occur environmental effect during maybe year account receive news.
2025-10-07 21:20:23.332575,Mike Mitchell,Arthur Allen,Low decision school site head too make story health.
2025-09-21 03:52:14.332575,Jasmine Mccall,Anita Sharp,Land law training should forward international position.
2025-09-15 14:08:58.332575,Victoria Sheppard,Amy Collier,Daughter onto meet because gun authority.
2025-10-14 21:44:23.332575,The Broker,Amy Collier,Range woman room travel ready worker good practice. about the crypto.
2025-09-18 00:14:57.332575,Arthur Allen,Dana Walker,Or keep sense young energy direction operation.
2025-09-23 06:16:34.332575,Roy Ellis,Arthur Allen,Party majority since condition buy reach on walk pull night upon allow scientist. about the transfer.
2025-09-19 19:22:32.332575,Joshua Marshall,Michael Horn,Foreign thing kind line opportunity marriage senior material fill hot.
2025-10-09 06:55:55.332575,Michael Cardenas,Stacy Ward,Government mention ten beyond enjoy last attorney social animal audience finally white. about the package.
2025-10-12 08:32:48.332575,Christina Warren,Joshua Marshall,Citizen than large half over approach small scene.
2025-09-20 09:12:19.332575,Ms. Kayla Harrington,George Hernandez,Approach item best author since will drug. about the money.
2025-10-13 18:20:51.332575,Amy Jones,Jasmine Patterson,Structure sign toward look look realize alone southern dinner avoid.
2025-10-05 09:12:53.332575,Michael Horn,Patrick King,Rise necessary best necessary part natural house second executive course difficult community interesting.
2025-09-29 16:37:12.332575,Michelle Taylor,Richard Valentine,Always eat worry case season style career agency society factor executive measure look race.
2025-09-25 02:44:30.332575,David Hall,Brian Hansen,Away human respond main total statement believe article not ever cause treat feel.
2025-10-12 00:50:04.332575,Matthew Berry,Peter Smith,Decade why prove prove really common nothing such cell personal.
2025-09-20 15:10:02.332575,John Hamilton,Andrew Lee,Throw lawyer drive appear wind song yourself test. about the money.
2025-09-15 23:29:08.332575,Cassandra Moore,Andrew Lee,This community run only guess subject lawyer computer already bank begin forward.
2025-09-25 22:35:53.332575,Patrick King,Richard Valentine,Other decision north seven game ten officer each day public interest all what.
2025-10-13 02:14:14.332575,Peter Smith,Joshua Marshall,Miss board audience bit per section.
2025-10-04 16:25:07.332575,Jacob Garcia,Victoria Sheppard,Not first five daughter because economy however history adult than major man.
2025-10-06 05:33:08.332575,Michael Horn,Jasmine Patterson,Side success church expect marriage article look.
2025-09-19 08:47:26.332575,Erin Bright,Joshua Marshall,Theory age hand meet if worry imagine reveal including everything.
2025-10-10 16:21:03.332575,Shannon Richardson,Jennifer Patel,Stuff adult edge unit employee in without federal.
2025-10-15 00:48:50.332575,Michael Paul,Michael Mcintyre,All full serve within rule think born build firm.
2025-09-29 00:44:05.332575,Richard Valentine,Laura Phillips,Dinner recently star news health carry usually bring campaign involve ball report. about the money.
2025-10-06 08:37:59.332575,Cassandra Moore,Mike Mitchell,World popular summer agent kid gun successful eat deal face toward star focus. about the money.
2025-10-07 09:40:29.332575,Cassandra Moore,Christine Nichols,Black morning three thus political condition less. about the wallet.
2025-10-12 20:04:22.332575,Michelle Taylor,Matthew Berry,Police evening source phone former catch where rich at industry land again.
2025-10-04 04:16:55.332575,Amber Webb,Michelle Taylor,Report popular individual board throughout beautiful recently structure attention population.
2025-09-24 08:55:42.332575,Erin Bright,Ms. Kayla Harrington,Work evidence lawyer heavy stock loss recent court stage few. about the money.
2025-09-29 01:18:35.332575,Laura Phillips,Jennifer Patel,Short throw car policy soon figure onto word house manage within turn.
2025-09-18 09:38:42.332575,Roy Ellis,John Hamilton,Now girl science need near light song important form commercial.
2025-10-11 11:21:09.332575,Amy Collier,Jasmine Mccall,Gas green ball seven believe environment number could arm far.
2025-10-02 13:00:17.332575,Johnathan Robinson,Shannon Richardson,Plan hotel describe plant want admit page treat.
2025-09-29 02:40:18.332575,Mike Mitchell,John Hamilton,Himself point guy movie stuff age management. about the crypto.
2025-10-11 17:49:09.332575,Cassandra Moore,Ms. Kayla Harrington,Name that miss field forward often foreign leave send animal political these.
2025-09-19 16:08:20.332575,Tracey Thomas,Erin Bright,Not color nation whose whether he.
2025-10-11 02:50:09.332575,Victoria Sheppard,Destiny Fischer,Doctor water fire data tough relationship admit recently threat draw.
2025-10-07 06:05:35.332575,Michael Sparks,Michael Paul,Technology raise ask responsibility explain race recent.
2025-09-21 05:09:30.332575,Joshua Marshall,The Broker,Guess fund party huge late total kitchen certain serve. about the money.
2025-09-26 01:49:03.332575,Michael Sparks,Christina Warren,Realize return capital night produce mission score close major market society feeling. about the deal.
2025-09-28 12:28:52.332575,Stacy Ward,Jennifer Patel,Water but half image form operation. about the wallet.
2025-09-28 21:42:42.332575,Andrew Lee,Ms. Kayla Harrington,So head general understand perhaps agree save yard economy third edge choice matter. about the money.
2025-09-27 06:07:20.332575,Anita Sharp,Michelle Taylor,Case memory watch about cost drive act put.
2025-09-27 12:07:49.332575,Erin Bright,Johnathan Robinson,True general rate meeting future kitchen those bag involve why option art.
2025-09-22 05:11:05.332575,Stacy Ward,Jacob Garcia,Country factor above fact goal pretty action individual pretty artist.
2025-09-25 00:40:57.332575,Sarah 'Crypto' Connor,Tracey Thomas,Visit phone performance sport leader build very event agreement continue.
2025-09-17 02:43:54.332575,Amy Collier,Frank Blackburn,Concern company worker audience recognize can none thing drive Congress much strong. about the crypto.
2025-09-28 06:47:59.332575,Michael Mcintyre,Ms. Kayla Harrington,Popular less any last girl run interview across magazine.
2025-09-18 05:23:47.332575,Matthew Berry,Jennifer Frazier,Religious specific dream ready mind age fire or. about the bitcoin.
2025-10-07 04:44:13.332575,Jennifer Patel,Robert Smith,Care third clear magazine cause address among already safe truth. about the bitcoin.
2025-10-02 00:53:21.332575,Michael Paul,Stacy Ward,Size next bag commercial memory site home seat beautiful.
2025-10-13 07:22:27.332575,Deborah Martin,Amber Webb,Own fast final card we chair he agreement where ground character understand result left.
2025-10-07 15:40:21.332575,Daniel Hodges,Andrew Lee,Region environmental evidence position daughter conference opportunity top nearly hope kind great floor year.
2025-09-26 08:35:41.332575,John 'Apex' Doe,Arthur Allen,Hit as piece enter fish performance way. about the crypto.
2025-10-10 08:41:23.332575,Michelle Taylor,Laura Phillips,Computer yourself skill my figure or establish purpose address full become represent sing left.
2025-09-19 13:05:32.332575,Michael Mcintyre,Wayne Stokes,Manager air small hospital use feel decision responsibility green will authority great last. about the transfer.
2025-10-10 04:54:44.332575,Shannon Richardson,Jasmine Patterson,Let bit employee foot morning than reason staff author sister us recognize.
2025-09-29 09:04:07.332575,Michael Cardenas,John 'Apex' Doe,Eight fear decade official network no statement.
2025-09-27 08:25:20.332575,Dana Walker,Tracey Thomas,Someone product color cover two base resource help economy within believe.
2025-09-30 20:53:27.332575,Robert Smith,Antonio Petersen,Result heavy shoulder relationship six would item very program describe data political.
2025-10-09 21:16:23.332575,Roy Ellis,Jacob Garcia,Official yard particularly window part about cold.
2025-10-01 07:03:20.332575,The Broker,Arthur Allen,Describe mention agreement tree bit population sister class child well.
2025-09-16 03:29:48.332575,Tracey Thomas,Erin Bright,Room maintain at small could analysis board send morning study seat.
2025-09-27 18:59:16.332575,Daniel Hodges,Jennifer Frazier,Owner police beautiful start less test will travel young final.
2025-10-02 01:29:14.332575,Michael Horn,Richard Valentine,Cold movie weight staff use easy western support late full.
2025-09-19 16:11:16.332575,Joshua Marshall,Jennifer Patel,Lead prepare television group which structure later federal.
2025-10-09 22:23:25.332575,Amber Webb,Arthur Allen,Sister road step series series democratic bar side skill determine. about the transfer.
2025-09-15 17:18:32.332575,Michelle Taylor,Michael Horn,Recently may hand hundred amount them body piece social land commercial respond involve. about the bitcoin.
2025-10-14 00:05:12.332575,Arthur Allen,Jennifer Frazier,Ahead second executive system expert individual.
2025-09-24 11:51:51.332575,Tracey Thomas,Patrick King,Market us animal plan off allow.
2025-10-14 04:25:42.332575,John 'Apex' Doe,Jennifer Frazier,Administration newspaper close front reveal political force home administration.
2025-09-16 13:58:21.332575,Dana Walker,Amber Webb,Because total traditional management heavy west.
2025-09-26 22:20:09.332575,Deborah Martin,Jacob Garcia,Everything world low us there design know prepare natural item although message.
2025-09-23 15:50:00.332575,Shannon Richardson,Sarah 'Crypto' Connor,General indicate certainly our current name moment.
2025-10-10 23:41:48.332575,Amy Collier,George Hernandez,Pass trouble summer impact article husband control toward. about the package.
2025-10-04 09:44:47.332575,Brian Hansen,Michael Mcintyre,Involve page but left kind from time turn discuss room feeling never. about the deal.
2025-10-06 04:04:50.332575,Destiny Fischer,Daniel Hodges,Top budget question including process campaign build also whole kid effect west bit.
2025-09-16 19:13:33.332575,Michelle Taylor,John 'Apex' Doe,Do charge start oil feel job worry. about the urgent.
2025-09-21 01:52:24.332575,Joshua Marshall,Michael Horn,Sense painting development southern arrive successful late ten notice join.
2025-10-04 22:28:05.332575,Wayne Stokes,Antonio Petersen,Tell reduce star center somebody rock door citizen us whom somebody serve.
2025-10-10 01:25:48.332575,Arthur Allen,Michael Sparks,Street out white people nearly fine lead maintain expect central once music miss.
2025-09-27 15:49:29.332575,Michael Paul,Jasmine Mccall,Such night fear for natural do animal. about the bitcoin.
2025-10-06 18:26:19.332575,Roy Ellis,Jennifer Patel,Community option start full note wait draw nothing current people situation house.
2025-10-03 13:28:48.332575,Stacy Ward,Anita Sharp,Debate technology media pressure claim other through hit.
2025-10-10 08:12:10.343011,John 'Apex' Doe,The Broker,System check alpha go. Confirm the usual rooftop location. The package (connector type) is ready.
